{
	"info": {
		"_postman_id": "47ccf184-0241-412d-9a7b-8063f8ddce1d",
		"name": "MutliContainerToDoApp",
		"schema": "https://schema.getpostman.com/json/collection/v2.1.0/collection.json"
	},
	"item": [
		{
			"name": "Add Item",
			"request": {
				"method": "POST",
				"header": [],
				"body": {
					"mode": "raw",
					"raw": "{\n\t\"item_name\": \"Repeat\"\n}",
					"options": {
						"raw": {
							"language": "json"
						}
					}
				},
				"url": {
					"raw": "http://localhost:3001/v1/to-do",
					"protocol": "http",
					"host": [
						"localhost"
					],
					"port": "3001",
					"path": [
						"v1",
						"to-do"
					]
				}
			},
			"response": []
		},
		{
			"name": "Edit Item",
			"request": {
				"method": "PUT",
				"header": [],
				"body": {
					"mode": "raw",
					"raw": "{\n\t\"item_name\": \"Repeat\",\n\t\"complete\": true\n}",
					"options": {
						"raw": {
							"language": "json"
						}
					}
				},
				"url": {
					"raw": "http://localhost:3001/v1/to-do/5ec28b3dbdfa9120c488300a",
					"protocol": "http",
					"host": [
						"localhost"
					],
					"port": "3001",
					"path": [
						"v1",
						"to-do",
						"5ec28b3dbdfa9120c488300a"
					]
				}
			},
			"response": []
		},
		{
			"name": "Get Item",
			"request": {
				"method": "GET",
				"header": [],
				"url": {
					"raw": "http://localhost:3001/v1/to-do/5ec28b3dbdfa9120c488300a",
					"protocol": "http",
					"host": [
						"localhost"
					],
					"port": "3001",
					"path": [
						"v1",
						"to-do",
						"5ec28b3dbdfa9120c488300a"
					]
				}
			},
			"response": []
		},
		{
			"name": "Get All Items",
			"request": {
				"method": "GET",
				"header": [],
				"url": {
					"raw": "http://localhost:3001/v1/to-do",
					"protocol": "http",
					"host": [
						"localhost"
					],
					"port": "3001",
					"path": [
						"v1",
						"to-do"
					]
				}
			},
			"response": []
		},
		{
			"name": "Delete Item",
			"request": {
				"method": "DELETE",
				"header": [],
				"url": {
					"raw": "http://localhost:3001/v1/to-do/5ec28bd5bdfa9120c488300b",
					"protocol": "http",
					"host": [
						"localhost"
					],
					"port": "3001",
					"path": [
						"v1",
						"to-do",
						"5ec28bd5bdfa9120c488300b"
					]
				}
			},
			"response": []
		}
	],
	"protocolProfileBehavior": {}
}